[{"id":"recIMGDw4uEvnFuhx","createdTime":"2024-03-16T00:03:45Z","fields":{"Publish":true,"Name":"best kept secret","Type":"music_festival","Organizer":"mojo","DateFrom":"2024-04-11","DateTill":"2024-03-21","Location":"ergens","Notes":"b","Link":"www.downtherabbithole.nl"},"commentCount":0},{"id":"recQnsAnHPzaLk6iW","createdTime":"2024-03-16T00:03:45Z","fields":{"Publish":true,"Name":"rollende keukens","Type":"foodtruck_festival","Organizer":"cultlab","DateFrom":"2024-03-05","DateTill":"2024-05-09","Location":"amsterdam","Notes":"a","Link":"www.foodfest.nl"},"commentCount":0},{"id":"recR0cfLmj8hJPmK1","createdTime":"2024-05-06T21:00:04Z","fields":{"Publish":true,"Name":"lowlands","Type":"music_festival","Organizer":"mojo","DateFrom":"2024-03-23","DateTill":"2024-03-23","Location":"flevoland","Notes":"c","Link":"www.lowlands.nl"},"commentCount":0},{"id":"recRlvoaf9I96wvtG","createdTime":"2024-05-06T21:00:04Z","fields":{"Publish":true,"Name":"down the rabithole","Type":"music_festival","Organizer":"mojo","DateFrom":"2024-03-21","DateTill":"2024-04-11","Location":"nijmegen","Notes":"b","Link":"www.downtherabbithole.nl"},"commentCount":0},{"id":"recmDSQQXL4FHFxix","createdTime":"2024-03-16T00:03:45Z","fields":{"Publish":true,"Name":"foodfest","Type":"foodtruck_festival","Organizer":"cultlab","DateFrom":"2024-03-19","DateTill":"2024-03-19","Location":"amesfoort","Notes":"a","Link":"www.foodfest.nl"},"commentCount":0}]