[{"id":"rec5yW05LinqaVRHl","createdTime":"2024-05-07T17:31:25Z","fields":{"Name":"section-bg-contact","Notes":null,"MediaType":"Lottie","Color":null,"Image":null,"Video":null,"Youtube":null,"Lottie":["recw9FJ9edd26TuLp"],"Spline":null,"Ref_Sections":["recoLvTlxg30Xo9Qx"],"Ref_Pages":null},"commentCount":0},{"id":"rec7D72Xk12O1xS9z","createdTime":"2024-05-07T17:26:52Z","fields":{"Name":"section-bg-servered","Notes":null,"MediaType":"Video","Color":null,"Image":null,"Video":["rec43Cri3LnlodS8r"],"Youtube":null,"Lottie":null,"Spline":null,"Ref_Sections":["recYBRUIdDhuRg8x0"],"Ref_Pages":null},"commentCount":0},{"id":"recBgdoElkNcQLQWZ","createdTime":"2024-05-07T17:26:52Z","fields":{"Name":"section-bg-about","Notes":null,"MediaType":"Image","Color":null,"Image":["recsGOICadXLh6NCp"],"Video":null,"Youtube":null,"Lottie":null,"Spline":null,"Ref_Sections":["recoEY7M74z6MKEV3"],"Ref_Pages":null},"commentCount":0},{"id":"recDlaotkfughlXBt","createdTime":"2024-05-07T17:31:25Z","fields":{"Name":"section-bg-okonomiyaki","Notes":null,"MediaType":"Youtube","Color":null,"Image":null,"Video":null,"Youtube":["recSzaGqpREWXV8jH"],"Lottie":null,"Spline":null,"Ref_Sections":["recSejHro3a3DhF59"],"Ref_Pages":null},"commentCount":0},{"id":"recwZ1rnFTnAgUMU6","createdTime":"2024-05-07T17:26:52Z","fields":{"Name":"section-bg-welcome","Notes":null,"MediaType":"Color","Color":["recuSAflZnqNAWi6h"],"Image":null,"Video":null,"Youtube":null,"Lottie":null,"Spline":null,"Ref_Sections":["rec55reHArGzreWV9"],"Ref_Pages":null},"commentCount":0},{"id":"recyZYaQKBqQNNIX3","createdTime":"2024-05-07T17:31:25Z","fields":{"Name":"section-bg-agenda","Notes":null,"MediaType":"Spline","Color":null,"Image":null,"Video":null,"Youtube":null,"Lottie":null,"Spline":["rec02pUqdAGV5zeRy"],"Ref_Sections":["recM1gYW9Nt7PtOZO"],"Ref_Pages":null},"commentCount":0}]